name,homepage
West Side History(2021),https://en.wikipedia.org/wiki/West_Side_Story_(2021_film)
Girl(2018),https://en.wikipedia.org/wiki/Girl_(2018_film)
The Danish Girl(2015),https://en.wikipedia.org/wiki/The_Danish_Girl_(film)
Boy Meets Girl(2015),https://en.wikipedia.org/wiki/Boy_Meets_Girl_(2015_TV_series)
Laurence Anyways(2012),https://en.wikipedia.org/wiki/Laurence_Anyways
Boy Meets Girl(2014),https://en.wikipedia.org/wiki/Boy_Meets_Girl_(2014_film)
Tangerine(2015),https://en.wikipedia.org/wiki/Tangerine_(film)
Soldier's Girl(2003),https://en.wikipedia.org/wiki/Soldier%27s_Girl
Beautiful Boxer(2003),https://en.wikipedia.org/wiki/Beautiful_Boxer
Hedwig and the Angry Inch(2001),https://en.wikipedia.org/wiki/Hedwig_and_the_Angry_Inch_(film)